{
  "dataset": "CEAS_08",
  "model": "TF-IDF + Logistic Regression",
  "split": {
    "train": 0.8,
    "test": 0.2
  },
  "cv": {
    "folds": 5,
    "threshold_target_precision": 0.92
  },
  "threshold": 0.0559754622645358,
  "test_metrics": {
    "accuracy": 0.9577320904099094,
    "precision": 0.9299403747870528,
    "recall": 0.9995422293430991,
    "f1": 0.9634859349145063,
    "confusion_matrix": [
      [
        3133,
        329
      ],
      [
        2,
        4367
      ]
    ]
  }
}